{
    "train_losses": [
        0.20277136494954204,
        0.07175869223222693,
        0.053478602178878724,
        0.04397793944817998,
        0.03695334922419117
    ],
    "val_losses": [
        0.09708070204511489,
        0.06813769186552053,
        0.06024776805493582,
        0.06556386824433763,
        0.058014336648360275
    ],
    "train_accuracies": [
        0.9427083134651184,
        0.9782291650772095,
        0.9839375019073486,
        0.9865416884422302,
        0.9885208606719971
    ],
    "val_accuracies": [
        0.9732499718666077,
        0.9794166684150696,
        0.9822499752044678,
        0.9805833101272583,
        0.9834166765213013
    ],
    "train_precisions": [
        0.9424581527709961,
        0.9781384468078613,
        0.9838656187057495,
        0.9864761829376221,
        0.9884598851203918
    ],
    "val_precisions": [
        0.9734147787094116,
        0.9795729517936707,
        0.9821450114250183,
        0.9804844260215759,
        0.983394980430603
    ],
    "train_recalls": [
        0.9422048330307007,
        0.9780779480934143,
        0.9838215708732605,
        0.9864387512207031,
        0.9884387254714966
    ],
    "val_recalls": [
        0.9734443426132202,
        0.9793639779090881,
        0.9822725057601929,
        0.9807002544403076,
        0.9834381937980652
    ]
}